timestamp,temperature,humidity,distance_mm,thickness_mm,path_cm,cracks,status
2025-01-01 10:00:00,23.0,35.6,10.2,7.1,0,1,OK
2025-01-01 10:00:02,27.6,46.3,9.9,8.2,2,0,OK
2025-01-01 10:00:04,25.9,56.2,23.1,3.3,4,3,OK
2025-01-01 10:00:06,24.8,52.0,10.0,6.6,6,0,OK
2025-01-01 10:00:08,21.2,54.2,10.4,6.1,8,2,OK
2025-01-01 10:00:10,21.2,49.8,20.2,8.5,10,2,OK
2025-01-01 10:00:12,20.5,50.8,14.0,9.2,12,3,OK
2025-01-01 10:00:14,26.9,55.5,20.5,1.1,14,0,DEFECT
2025-01-01 10:00:16,24.8,37.5,6.3,7.1,16,3,OK
2025-01-01 10:00:18,25.7,44.7,14.8,1.5,18,0,DEFECT
2025-01-01 10:00:20,20.2,36.6,5.7,5.9,20,1,OK
2025-01-01 10:00:22,27.8,59.6,6.3,3.6,22,2,OK
2025-01-01 10:00:24,26.7,58.3,23.1,3.8,24,3,OK
2025-01-01 10:00:26,21.7,31.2,7.8,4.2,26,1,OK
2025-01-01 10:00:28,21.5,51.2,15.6,6.6,28,1,OK
2025-01-01 10:00:30,21.5,57.8,13.2,4.0,30,3,OK
2025-01-01 10:00:32,22.4,35.4,11.9,7.6,32,3,OK
2025-01-01 10:00:34,24.2,47.0,23.0,4.6,34,1,OK
2025-01-01 10:00:36,23.5,57.5,5.4,1.6,36,0,DEFECT
2025-01-01 10:00:38,22.3,31.0,18.3,8.1,38,1,OK
2025-01-01 10:00:40,24.9,50.9,24.3,3.6,40,3,OK
2025-01-01 10:00:42,21.1,38.9,16.2,4.9,42,1,OK
2025-01-01 10:00:44,22.3,57.7,23.7,7.2,44,0,OK
2025-01-01 10:00:46,22.9,59.1,6.0,4.0,46,2,OK
2025-01-01 10:00:48,23.6,58.3,13.4,1.5,48,2,DEFECT
2025-01-01 10:00:50,26.3,44.2,10.2,4.4,50,1,OK
2025-01-01 10:00:52,21.6,55.9,19.6,9.5,52,0,OK
2025-01-01 10:00:54,24.1,55.3,24.6,6.8,54,2,OK
2025-01-01 10:00:56,24.7,39.6,10.1,7.0,56,1,OK
2025-01-01 10:00:58,20.4,54.9,18.1,6.7,58,1,OK
2025-01-01 10:01:00,24.9,31.1,9.0,2.8,60,0,DEFECT
2025-01-01 10:01:02,21.4,47.9,16.3,4.8,62,3,OK
2025-01-01 10:01:04,20.5,36.9,14.3,7.8,64,1,OK
2025-01-01 10:01:06,27.6,33.6,24.4,1.9,66,3,DEFECT
2025-01-01 10:01:08,27.7,32.3,17.2,3.5,68,3,OK
2025-01-01 10:01:10,26.5,50.9,12.0,3.5,70,2,OK
2025-01-01 10:01:12,22.4,40.2,7.3,4.9,72,3,OK
2025-01-01 10:01:14,20.8,51.7,8.0,9.8,74,0,OK
2025-01-01 10:01:16,25.5,32.0,9.5,1.6,76,2,DEFECT
2025-01-01 10:01:18,23.5,39.5,10.0,5.7,78,2,OK
2025-01-01 10:01:20,21.0,46.2,22.0,2.6,80,2,DEFECT
2025-01-01 10:01:22,24.0,53.7,16.2,9.7,82,1,OK
2025-01-01 10:01:24,20.3,39.6,15.5,2.0,84,1,DEFECT
2025-01-01 10:01:26,27.3,48.8,7.3,4.6,86,3,OK
2025-01-01 10:01:28,22.1,56.6,22.2,7.6,88,2,OK
2025-01-01 10:01:30,25.3,48.5,19.5,7.3,90,2,OK
2025-01-01 10:01:32,22.5,37.0,6.4,4.8,92,0,OK
2025-01-01 10:01:34,24.2,30.7,19.2,4.1,94,3,OK
2025-01-01 10:01:36,24.4,56.1,15.9,4.6,96,0,OK
2025-01-01 10:01:38,21.5,30.6,6.6,3.4,98,3,OK
2025-01-01 10:01:40,27.8,56.2,14.2,2.8,100,3,DEFECT
2025-01-01 10:01:42,26.2,45.9,14.7,5.3,102,1,OK
2025-01-01 10:01:44,27.5,58.2,8.3,3.4,104,1,OK
2025-01-01 10:01:46,27.2,54.0,23.9,3.6,106,0,OK
2025-01-01 10:01:48,24.8,59.9,22.0,6.9,108,3,OK
2025-01-01 10:01:50,27.4,40.5,18.4,9.7,110,2,OK
2025-01-01 10:01:52,20.7,53.0,14.2,6.4,112,1,OK
2025-01-01 10:01:54,21.6,42.1,13.2,1.7,114,2,DEFECT
2025-01-01 10:01:56,20.4,44.4,18.0,1.7,116,0,DEFECT
2025-01-01 10:01:58,22.6,48.8,15.9,9.6,118,1,OK
2025-01-01 10:02:00,23.1,56.2,6.2,3.7,120,1,OK
2025-01-01 10:02:02,22.2,59.5,15.3,1.8,122,3,DEFECT
2025-01-01 10:02:04,26.6,53.0,21.1,6.4,124,0,OK
2025-01-01 10:02:06,22.9,42.5,14.2,6.6,126,3,OK
2025-01-01 10:02:08,22.2,42.6,6.0,6.8,128,1,OK
2025-01-01 10:02:10,24.3,52.1,20.7,3.4,130,0,OK
2025-01-01 10:02:12,21.1,37.2,9.0,1.1,132,1,DEFECT
2025-01-01 10:02:14,26.4,33.3,10.2,9.7,134,0,OK
2025-01-01 10:02:16,20.6,40.6,8.3,3.3,136,1,OK
2025-01-01 10:02:18,27.9,38.6,11.6,7.1,138,2,OK
2025-01-01 10:02:20,26.2,38.9,20.1,7.4,140,2,OK
2025-01-01 10:02:22,21.6,37.0,15.4,6.5,142,3,OK
2025-01-01 10:02:24,20.0,31.3,9.1,3.8,144,2,OK
2025-01-01 10:02:26,26.5,30.5,22.6,3.4,146,1,OK
2025-01-01 10:02:28,25.7,59.6,22.6,6.4,148,1,OK
2025-01-01 10:02:30,25.8,42.8,22.4,8.8,150,2,OK
2025-01-01 10:02:32,26.2,41.5,9.8,9.5,152,3,OK
2025-01-01 10:02:34,20.6,50.4,14.0,2.0,154,2,DEFECT
2025-01-01 10:02:36,22.9,36.5,24.7,2.4,156,0,DEFECT
2025-01-01 10:02:38,20.9,58.5,20.4,9.5,158,0,OK
2025-01-01 10:02:40,26.9,53.6,5.5,7.6,160,0,OK
2025-01-01 10:02:42,25.0,32.7,6.3,8.9,162,2,OK
2025-01-01 10:02:44,22.6,42.5,14.3,2.8,164,2,DEFECT
2025-01-01 10:02:46,20.5,56.4,23.2,6.3,166,2,OK
2025-01-01 10:02:48,22.5,58.3,15.8,7.3,168,0,OK
2025-01-01 10:02:50,22.6,44.0,15.0,7.1,170,3,OK
2025-01-01 10:02:52,25.8,48.4,7.1,4.7,172,1,OK
2025-01-01 10:02:54,25.1,35.0,18.1,1.1,174,2,DEFECT
2025-01-01 10:02:56,27.1,59.7,21.4,6.2,176,3,OK
2025-01-01 10:02:58,23.8,37.0,12.6,3.3,178,1,OK
2025-01-01 10:03:00,21.0,58.3,20.5,5.1,180,1,OK
2025-01-01 10:03:02,25.7,49.5,24.3,9.6,182,1,OK
2025-01-01 10:03:04,26.1,48.2,9.1,4.6,184,3,OK
2025-01-01 10:03:06,24.5,45.4,15.5,8.6,186,3,OK
2025-01-01 10:03:08,26.2,36.9,10.7,2.7,188,0,DEFECT
2025-01-01 10:03:10,24.0,35.3,20.9,7.1,190,3,OK
2025-01-01 10:03:12,24.2,36.6,16.6,9.8,192,3,OK
2025-01-01 10:03:14,23.4,35.6,17.7,1.9,194,3,DEFECT
2025-01-01 10:03:16,20.2,53.4,21.0,1.1,196,1,DEFECT
2025-01-01 10:03:18,20.9,40.5,12.9,4.9,198,2,OK
2025-01-01 10:03:20,20.3,31.7,23.3,1.8,200,0,DEFECT
2025-01-01 10:03:22,25.1,59.1,15.7,7.7,202,2,OK
2025-01-01 10:03:24,22.5,56.5,8.2,9.2,204,2,OK
2025-01-01 10:03:26,24.1,57.8,18.9,4.9,206,3,OK
2025-01-01 10:03:28,27.3,59.8,20.9,3.3,208,0,OK
2025-01-01 10:03:30,22.0,35.2,11.3,4.9,210,2,OK
2025-01-01 10:03:32,23.3,41.9,22.1,7.5,212,2,OK
2025-01-01 10:03:34,26.0,52.7,23.1,1.1,214,0,DEFECT
2025-01-01 10:03:36,21.8,50.9,10.5,6.3,216,3,OK
2025-01-01 10:03:38,20.6,34.6,24.7,6.5,218,2,OK
2025-01-01 10:03:40,22.3,54.5,7.8,6.7,220,1,OK
2025-01-01 10:03:42,21.3,36.7,9.0,3.2,222,2,OK
2025-01-01 10:03:44,27.4,36.7,8.7,7.4,224,1,OK
2025-01-01 10:03:46,26.5,46.1,22.9,1.8,226,3,DEFECT
2025-01-01 10:03:48,25.1,47.8,18.1,2.8,228,2,DEFECT
2025-01-01 10:03:50,27.0,47.4,8.0,8.9,230,0,OK
2025-01-01 10:03:52,26.4,32.7,13.8,7.6,232,0,OK
2025-01-01 10:03:54,21.5,56.3,17.3,1.1,234,2,DEFECT
2025-01-01 10:03:56,27.1,38.0,6.7,3.2,236,3,OK
2025-01-01 10:03:58,24.3,33.9,22.6,2.9,238,3,DEFECT
2025-01-01 10:04:00,26.5,56.7,21.1,3.4,240,0,OK
2025-01-01 10:04:02,27.2,58.7,15.1,3.2,242,2,OK
2025-01-01 10:04:04,22.5,55.9,24.3,1.6,244,3,DEFECT
2025-01-01 10:04:06,20.9,54.3,13.4,5.1,246,0,OK
2025-01-01 10:04:08,21.8,49.7,24.7,7.6,248,1,OK
2025-01-01 10:04:10,23.4,46.5,18.4,6.5,250,2,OK
2025-01-01 10:04:12,26.5,32.6,17.7,7.1,252,1,OK
2025-01-01 10:04:14,26.9,42.3,8.3,1.7,254,1,DEFECT
2025-01-01 10:04:16,20.1,41.2,22.6,9.6,256,3,OK
2025-01-01 10:04:18,24.1,37.8,13.5,8.5,258,3,OK
2025-01-01 10:04:20,23.3,51.7,8.2,8.2,260,3,OK
2025-01-01 10:04:22,21.8,44.9,5.3,8.4,262,2,OK
2025-01-01 10:04:24,21.0,32.4,16.2,9.4,264,1,OK
2025-01-01 10:04:26,22.7,36.6,15.5,5.9,266,2,OK
2025-01-01 10:04:28,27.5,50.5,19.4,2.8,268,3,DEFECT
2025-01-01 10:04:30,22.6,32.3,22.8,6.6,270,1,OK
2025-01-01 10:04:32,24.2,55.5,6.6,7.7,272,2,OK
2025-01-01 10:04:34,25.6,44.9,19.6,7.6,274,2,OK
2025-01-01 10:04:36,22.9,44.4,8.7,5.7,276,0,OK
2025-01-01 10:04:38,27.8,47.8,22.2,1.6,278,2,DEFECT
2025-01-01 10:04:40,27.7,54.7,21.4,4.3,280,3,OK
2025-01-01 10:04:42,22.0,40.4,15.8,9.3,282,2,OK
2025-01-01 10:04:44,24.0,50.3,19.2,6.3,284,1,OK
2025-01-01 10:04:46,22.4,47.0,11.3,5.8,286,2,OK
2025-01-01 10:04:48,22.3,38.0,14.4,3.4,288,0,OK
2025-01-01 10:04:50,20.3,56.4,21.4,4.3,290,1,OK
2025-01-01 10:04:52,24.9,53.9,14.2,9.1,292,1,OK
2025-01-01 10:04:54,24.0,49.8,12.2,7.0,294,0,OK
2025-01-01 10:04:56,20.4,55.5,14.9,8.1,296,3,OK
2025-01-01 10:04:58,22.2,56.0,21.6,5.1,298,1,OK
2025-01-01 10:05:00,27.3,51.3,11.7,6.7,300,3,OK
2025-01-01 10:05:02,21.9,55.1,8.5,3.2,302,1,OK
2025-01-01 10:05:04,21.2,50.9,19.2,7.3,304,1,OK
2025-01-01 10:05:06,23.9,50.4,21.5,4.8,306,3,OK
2025-01-01 10:05:08,27.9,48.6,7.0,5.0,308,1,OK
2025-01-01 10:05:10,21.9,52.6,9.8,6.8,310,3,OK
2025-01-01 10:05:12,25.4,34.8,7.8,9.4,312,0,OK
2025-01-01 10:05:14,26.1,56.4,12.0,1.6,314,3,DEFECT
2025-01-01 10:05:16,21.9,56.2,14.0,8.4,316,0,OK
2025-01-01 10:05:18,25.8,30.9,20.0,3.6,318,1,OK
2025-01-01 10:05:20,22.9,54.8,18.0,5.0,320,3,OK
2025-01-01 10:05:22,25.1,33.9,17.4,1.2,322,1,DEFECT
2025-01-01 10:05:24,25.1,40.1,12.0,3.7,324,3,OK
2025-01-01 10:05:26,24.3,52.3,21.8,5.5,326,0,OK
2025-01-01 10:05:28,20.7,34.8,14.4,1.5,328,0,DEFECT
2025-01-01 10:05:30,26.7,54.5,24.6,5.4,330,3,OK
2025-01-01 10:05:32,22.6,55.0,17.7,9.3,332,0,OK
2025-01-01 10:05:34,21.5,45.2,7.5,1.9,334,1,DEFECT
2025-01-01 10:05:36,20.3,30.2,18.5,7.9,336,1,OK
2025-01-01 10:05:38,24.7,38.6,11.5,4.7,338,2,OK
2025-01-01 10:05:40,25.4,48.5,18.7,6.9,340,0,OK
2025-01-01 10:05:42,20.1,59.4,6.4,3.3,342,1,OK
2025-01-01 10:05:44,24.1,49.0,8.5,2.4,344,3,DEFECT
2025-01-01 10:05:46,21.8,37.8,22.1,2.4,346,0,DEFECT
2025-01-01 10:05:48,25.2,49.0,9.5,1.6,348,1,DEFECT
2025-01-01 10:05:50,21.4,46.2,21.7,2.7,350,0,DEFECT
2025-01-01 10:05:52,25.5,53.4,10.6,7.0,352,3,OK
2025-01-01 10:05:54,23.1,33.2,17.9,8.9,354,1,OK
2025-01-01 10:05:56,27.5,52.8,18.9,8.3,356,2,OK
2025-01-01 10:05:58,21.1,46.2,15.3,7.2,358,2,OK
2025-01-01 10:06:00,22.7,58.9,11.1,2.0,360,0,DEFECT
2025-01-01 10:06:02,20.9,40.3,9.3,3.6,362,3,OK
2025-01-01 10:06:04,27.4,49.0,5.7,3.8,364,1,OK
2025-01-01 10:06:06,27.0,58.0,11.1,3.2,366,3,OK
2025-01-01 10:06:08,22.1,33.1,18.1,5.6,368,1,OK
2025-01-01 10:06:10,25.3,58.1,23.8,5.8,370,0,OK
2025-01-01 10:06:12,26.5,50.6,22.4,4.2,372,1,OK
2025-01-01 10:06:14,24.4,32.0,20.3,4.2,374,3,OK
2025-01-01 10:06:16,24.2,39.0,20.8,8.5,376,3,OK
2025-01-01 10:06:18,21.9,51.2,18.3,8.1,378,0,OK
2025-01-01 10:06:20,20.7,32.0,10.2,3.8,380,3,OK
2025-01-01 10:06:22,27.2,47.5,23.1,9.2,382,1,OK
2025-01-01 10:06:24,27.2,40.4,18.4,9.6,384,0,OK
2025-01-01 10:06:26,25.1,48.6,16.2,3.9,386,1,OK
2025-01-01 10:06:28,22.7,31.4,7.2,4.2,388,3,OK
2025-01-01 10:06:30,22.8,56.1,13.9,5.6,390,0,OK
2025-01-01 10:06:32,25.8,59.2,14.2,9.5,392,1,OK
2025-01-01 10:06:34,27.2,59.1,22.3,8.9,394,3,OK
2025-01-01 10:06:36,27.1,52.5,15.9,1.9,396,3,DEFECT
2025-01-01 10:06:38,26.2,33.9,12.6,4.5,398,2,OK
2025-01-01 10:06:40,25.1,52.7,24.5,6.0,400,3,OK
2025-01-01 10:06:42,20.7,30.7,7.2,5.5,402,1,OK
2025-01-01 10:06:44,21.3,30.7,13.5,2.7,404,0,DEFECT
2025-01-01 10:06:46,27.2,39.7,5.8,8.7,406,2,OK
2025-01-01 10:06:48,24.9,44.7,19.8,7.1,408,3,OK
2025-01-01 10:06:50,20.1,53.1,23.4,8.5,410,3,OK
2025-01-01 10:06:52,20.8,50.5,10.6,8.7,412,3,OK
2025-01-01 10:06:54,25.3,43.4,22.2,7.7,414,1,OK
2025-01-01 10:06:56,20.0,38.2,10.8,5.0,416,2,OK
2025-01-01 10:06:58,21.3,59.9,23.2,6.5,418,1,OK
2025-01-01 10:07:00,24.4,42.8,20.1,2.4,420,2,DEFECT
2025-01-01 10:07:02,25.5,43.5,21.1,7.1,422,0,OK
2025-01-01 10:07:04,25.2,34.9,5.4,2.6,424,1,DEFECT
2025-01-01 10:07:06,21.8,53.8,24.3,7.2,426,1,OK
2025-01-01 10:07:08,25.7,50.8,19.5,3.1,428,0,OK
2025-01-01 10:07:10,21.9,36.6,11.1,2.1,430,2,DEFECT
2025-01-01 10:07:12,22.6,32.5,21.6,2.5,432,3,DEFECT
2025-01-01 10:07:14,26.0,50.4,10.6,1.0,434,0,DEFECT
2025-01-01 10:07:16,25.2,49.6,22.5,7.5,436,3,OK
2025-01-01 10:07:18,26.8,38.2,7.3,7.6,438,3,OK
2025-01-01 10:07:20,25.3,58.5,19.1,5.6,440,0,OK
2025-01-01 10:07:22,24.5,34.5,15.8,2.5,442,2,DEFECT
2025-01-01 10:07:24,20.7,43.0,6.9,1.8,444,3,DEFECT
2025-01-01 10:07:26,22.9,58.3,9.8,1.2,446,0,DEFECT
2025-01-01 10:07:28,22.1,42.6,5.2,2.5,448,1,DEFECT
2025-01-01 10:07:30,22.0,49.2,14.4,9.0,450,1,OK
2025-01-01 10:07:32,27.8,41.9,11.0,3.2,452,1,OK
2025-01-01 10:07:34,23.1,38.2,17.0,4.2,454,0,OK
2025-01-01 10:07:36,27.1,59.5,10.9,1.9,456,1,DEFECT
2025-01-01 10:07:38,25.0,42.3,11.0,3.0,458,3,OK
2025-01-01 10:07:40,26.4,56.8,19.9,5.7,460,1,OK
2025-01-01 10:07:42,24.0,36.9,6.0,6.5,462,1,OK
2025-01-01 10:07:44,24.6,36.4,23.1,3.2,464,3,OK
2025-01-01 10:07:46,23.9,30.9,22.0,1.5,466,1,DEFECT
2025-01-01 10:07:48,21.6,49.6,18.4,4.5,468,3,OK
2025-01-01 10:07:50,25.8,41.1,16.9,3.1,470,1,OK
2025-01-01 10:07:52,22.2,55.9,22.8,3.0,472,3,OK
2025-01-01 10:07:54,20.2,44.2,8.7,9.6,474,1,OK
2025-01-01 10:07:56,25.2,59.0,6.6,6.5,476,3,OK
2025-01-01 10:07:58,21.4,35.6,9.8,6.0,478,0,OK
2025-01-01 10:08:00,27.5,56.1,20.9,4.7,480,3,OK
2025-01-01 10:08:02,27.6,53.3,5.7,4.9,482,1,OK
2025-01-01 10:08:04,27.3,53.1,16.7,5.9,484,1,OK
2025-01-01 10:08:06,23.0,55.3,24.9,7.3,486,2,OK
2025-01-01 10:08:08,20.1,52.8,22.1,7.3,488,3,OK
2025-01-01 10:08:10,27.4,48.8,15.4,2.5,490,0,DEFECT
2025-01-01 10:08:12,23.4,33.9,6.3,5.5,492,3,OK
2025-01-01 10:08:14,27.7,31.0,21.6,4.7,494,3,OK
2025-01-01 10:08:16,27.7,57.6,17.0,8.8,496,0,OK
2025-01-01 10:08:18,26.8,48.5,7.3,6.7,498,3,OK
2025-01-01 10:08:20,22.4,53.9,6.9,5.8,500,0,OK
2025-01-01 10:08:22,23.1,44.4,23.2,2.0,502,0,DEFECT
2025-01-01 10:08:24,26.8,33.5,18.4,6.5,504,3,OK
2025-01-01 10:08:26,22.5,33.8,21.6,2.1,506,3,DEFECT
2025-01-01 10:08:28,21.4,50.6,22.6,4.0,508,1,OK
2025-01-01 10:08:30,24.5,42.9,16.4,2.3,510,1,DEFECT
2025-01-01 10:08:32,27.5,36.0,15.3,7.2,512,2,OK
2025-01-01 10:08:34,25.6,44.7,13.6,2.9,514,2,DEFECT
2025-01-01 10:08:36,24.6,31.9,11.3,4.5,516,3,OK
2025-01-01 10:08:38,20.8,47.5,13.7,9.1,518,0,OK
2025-01-01 10:08:40,24.9,38.1,20.5,2.8,520,2,DEFECT
2025-01-01 10:08:42,27.9,53.9,17.0,5.6,522,3,OK
2025-01-01 10:08:44,21.1,39.3,22.9,4.8,524,2,OK
2025-01-01 10:08:46,24.1,43.7,13.9,1.2,526,0,DEFECT
2025-01-01 10:08:48,27.0,30.3,17.1,8.1,528,3,OK
2025-01-01 10:08:50,25.9,32.2,17.6,1.6,530,0,DEFECT
2025-01-01 10:08:52,25.6,41.8,16.8,5.3,532,3,OK
2025-01-01 10:08:54,25.6,44.4,19.1,6.0,534,2,OK
2025-01-01 10:08:56,22.9,48.0,9.7,6.7,536,1,OK
2025-01-01 10:08:58,22.3,38.7,15.2,7.2,538,2,OK
2025-01-01 10:09:00,26.5,50.8,7.1,3.3,540,2,OK
2025-01-01 10:09:02,26.5,55.8,12.7,1.1,542,1,DEFECT
2025-01-01 10:09:04,26.9,53.4,14.8,7.5,544,1,OK
2025-01-01 10:09:06,27.3,31.2,18.0,5.8,546,3,OK
2025-01-01 10:09:08,24.1,44.4,24.0,8.5,548,3,OK
2025-01-01 10:09:10,24.0,33.1,17.0,8.4,550,0,OK
2025-01-01 10:09:12,26.4,37.3,19.9,8.6,552,0,OK
2025-01-01 10:09:14,25.2,59.6,15.1,5.4,554,2,OK
2025-01-01 10:09:16,25.6,34.3,17.7,4.0,556,1,OK
2025-01-01 10:09:18,26.4,45.0,6.4,8.1,558,0,OK
2025-01-01 10:09:20,27.1,48.5,10.1,5.1,560,2,OK
2025-01-01 10:09:22,22.7,51.1,12.2,2.7,562,1,DEFECT
2025-01-01 10:09:24,23.0,46.8,14.4,8.7,564,3,OK
2025-01-01 10:09:26,20.8,30.3,5.9,8.9,566,2,OK
2025-01-01 10:09:28,24.6,39.8,7.8,5.2,568,3,OK
2025-01-01 10:09:30,20.3,45.5,10.5,1.7,570,0,DEFECT
2025-01-01 10:09:32,23.7,32.6,24.4,4.5,572,0,OK
2025-01-01 10:09:34,24.3,40.5,11.6,8.2,574,1,OK
2025-01-01 10:09:36,22.3,31.0,14.6,9.1,576,2,OK
2025-01-01 10:09:38,24.7,32.4,8.9,2.8,578,3,DEFECT
2025-01-01 10:09:40,20.2,41.9,17.2,1.6,580,1,DEFECT
2025-01-01 10:09:42,20.3,34.0,10.6,8.9,582,0,OK
2025-01-01 10:09:44,26.6,47.0,9.1,4.5,584,0,OK
2025-01-01 10:09:46,22.9,50.7,15.3,5.9,586,2,OK
2025-01-01 10:09:48,21.0,54.0,5.1,9.7,588,3,OK
2025-01-01 10:09:50,24.2,36.0,5.2,1.6,590,2,DEFECT
2025-01-01 10:09:52,26.2,35.0,9.4,6.8,592,3,OK
2025-01-01 10:09:54,21.7,33.1,5.7,1.7,594,3,DEFECT
2025-01-01 10:09:56,25.0,49.1,7.2,4.4,596,2,OK
2025-01-01 10:09:58,20.7,51.2,11.8,8.2,598,1,OK
2025-01-01 10:10:00,20.4,30.9,21.1,4.9,600,2,OK
2025-01-01 10:10:02,24.3,58.1,16.4,10.0,602,2,OK
2025-01-01 10:10:04,24.3,31.6,15.3,6.0,604,0,OK
2025-01-01 10:10:06,25.1,46.2,10.9,3.9,606,0,OK
2025-01-01 10:10:08,25.8,51.3,23.6,3.0,608,2,OK
2025-01-01 10:10:10,27.8,56.1,12.9,4.2,610,2,OK
2025-01-01 10:10:12,24.1,51.4,6.7,4.4,612,0,OK
2025-01-01 10:10:14,22.6,54.1,17.3,1.6,614,3,DEFECT
2025-01-01 10:10:16,26.4,40.2,7.3,4.3,616,2,OK
2025-01-01 10:10:18,22.2,54.4,11.9,5.2,618,1,OK
2025-01-01 10:10:20,23.5,32.4,15.1,7.5,620,1,OK
2025-01-01 10:10:22,20.6,56.8,22.5,6.9,622,1,OK
2025-01-01 10:10:24,20.2,46.4,14.9,7.4,624,2,OK
2025-01-01 10:10:26,27.7,54.5,19.0,1.1,626,3,DEFECT
2025-01-01 10:10:28,26.7,43.6,24.9,3.0,628,3,OK
2025-01-01 10:10:30,25.6,49.3,7.6,7.0,630,0,OK
2025-01-01 10:10:32,23.3,45.8,10.5,5.4,632,2,OK
2025-01-01 10:10:34,21.4,51.9,12.9,1.0,634,3,DEFECT
2025-01-01 10:10:36,21.3,32.4,13.4,8.2,636,2,OK
2025-01-01 10:10:38,22.0,31.8,13.2,8.0,638,0,OK
2025-01-01 10:10:40,24.4,37.4,23.2,5.9,640,0,OK
2025-01-01 10:10:42,25.7,34.8,19.3,1.6,642,0,DEFECT
2025-01-01 10:10:44,25.3,56.2,17.2,7.9,644,1,OK
2025-01-01 10:10:46,22.2,36.6,11.2,6.3,646,2,OK
2025-01-01 10:10:48,27.6,59.3,21.5,8.0,648,0,OK
2025-01-01 10:10:50,25.9,40.1,24.1,7.8,650,2,OK
2025-01-01 10:10:52,24.4,35.5,21.4,8.2,652,1,OK
2025-01-01 10:10:54,24.9,53.7,5.0,5.7,654,1,OK
2025-01-01 10:10:56,23.4,49.8,17.7,2.3,656,0,DEFECT
2025-01-01 10:10:58,22.0,44.9,6.0,7.0,658,0,OK
2025-01-01 10:11:00,22.8,46.7,10.2,6.6,660,3,OK
2025-01-01 10:11:02,26.1,51.6,6.2,7.7,662,2,OK
2025-01-01 10:11:04,20.1,36.9,17.1,2.5,664,0,DEFECT
2025-01-01 10:11:06,20.9,59.9,18.7,2.8,666,3,DEFECT
2025-01-01 10:11:08,20.4,59.2,7.3,9.0,668,2,OK
2025-01-01 10:11:10,20.3,49.5,12.7,7.7,670,0,OK
2025-01-01 10:11:12,26.8,36.0,14.1,9.2,672,3,OK
2025-01-01 10:11:14,25.6,50.4,12.4,7.8,674,3,OK
2025-01-01 10:11:16,23.8,32.2,7.4,6.4,676,2,OK
2025-01-01 10:11:18,20.8,30.9,13.4,6.9,678,3,OK
2025-01-01 10:11:20,23.9,37.7,20.0,9.0,680,2,OK
2025-01-01 10:11:22,23.8,43.9,6.4,6.2,682,2,OK
2025-01-01 10:11:24,21.4,56.0,6.6,6.7,684,2,OK
2025-01-01 10:11:26,23.5,51.8,12.1,2.4,686,1,DEFECT
2025-01-01 10:11:28,23.2,52.3,23.8,5.3,688,3,OK
2025-01-01 10:11:30,24.9,42.8,18.4,7.4,690,2,OK
2025-01-01 10:11:32,25.1,40.4,18.6,3.4,692,0,OK
2025-01-01 10:11:34,20.4,41.1,12.2,2.8,694,1,DEFECT
2025-01-01 10:11:36,23.0,59.6,16.9,3.8,696,1,OK
2025-01-01 10:11:38,25.0,31.2,5.2,3.2,698,3,OK
2025-01-01 10:11:40,24.0,56.0,17.7,2.9,700,2,DEFECT
2025-01-01 10:11:42,26.9,47.4,23.3,4.8,702,3,OK
2025-01-01 10:11:44,25.3,43.2,17.3,9.2,704,1,OK
2025-01-01 10:11:46,21.3,51.8,22.5,5.6,706,2,OK
2025-01-01 10:11:48,20.6,44.6,19.5,2.7,708,0,DEFECT
2025-01-01 10:11:50,25.1,56.2,7.4,1.7,710,2,DEFECT
2025-01-01 10:11:52,20.2,57.0,23.0,7.3,712,1,OK
2025-01-01 10:11:54,24.7,42.7,6.3,4.4,714,0,OK
2025-01-01 10:11:56,27.5,38.3,15.7,8.4,716,2,OK
2025-01-01 10:11:58,24.6,47.8,7.8,6.9,718,0,OK
2025-01-01 10:12:00,23.1,57.4,5.2,8.2,720,0,OK
2025-01-01 10:12:02,25.1,36.3,13.4,3.4,722,1,OK
2025-01-01 10:12:04,23.7,48.7,10.9,7.2,724,0,OK
2025-01-01 10:12:06,24.4,48.9,14.7,3.4,726,3,OK
2025-01-01 10:12:08,27.5,52.0,16.5,9.5,728,1,OK
2025-01-01 10:12:10,23.1,33.9,5.9,6.7,730,3,OK
2025-01-01 10:12:12,27.7,51.5,7.5,3.9,732,0,OK
2025-01-01 10:12:14,27.2,57.3,16.2,3.4,734,3,OK
2025-01-01 10:12:16,21.6,35.4,11.9,2.7,736,2,DEFECT
2025-01-01 10:12:18,20.6,37.1,19.6,7.3,738,0,OK
2025-01-01 10:12:20,20.8,59.1,18.0,3.0,740,2,OK
2025-01-01 10:12:22,20.1,35.4,21.9,6.4,742,3,OK
2025-01-01 10:12:24,20.8,55.6,18.8,3.4,744,2,OK
2025-01-01 10:12:26,25.5,44.8,13.6,7.0,746,0,OK
2025-01-01 10:12:28,20.6,37.4,18.5,8.3,748,2,OK
2025-01-01 10:12:30,22.6,56.1,10.5,8.0,750,3,OK
2025-01-01 10:12:32,26.8,43.4,11.1,7.8,752,3,OK
2025-01-01 10:12:34,20.2,45.4,20.8,2.7,754,3,DEFECT
2025-01-01 10:12:36,26.5,40.8,13.9,1.8,756,0,DEFECT
2025-01-01 10:12:38,22.3,47.8,21.0,7.3,758,3,OK
2025-01-01 10:12:40,20.9,34.9,21.4,4.3,760,0,OK
2025-01-01 10:12:42,25.6,41.7,22.2,4.9,762,2,OK
2025-01-01 10:12:44,25.0,59.1,23.3,1.3,764,3,DEFECT
2025-01-01 10:12:46,27.0,37.7,13.6,3.3,766,2,OK
2025-01-01 10:12:48,25.9,49.7,11.4,1.3,768,1,DEFECT
2025-01-01 10:12:50,26.4,39.8,16.6,8.9,770,2,OK
2025-01-01 10:12:52,22.3,53.2,12.4,3.2,772,1,OK
2025-01-01 10:12:54,21.4,33.9,17.0,6.0,774,2,OK
2025-01-01 10:12:56,26.0,59.1,19.1,1.4,776,0,DEFECT
2025-01-01 10:12:58,26.5,43.6,18.8,7.0,778,2,OK
2025-01-01 10:13:00,27.9,37.1,12.5,3.9,780,0,OK
2025-01-01 10:13:02,23.3,32.2,8.3,9.1,782,0,OK
2025-01-01 10:13:04,23.0,35.1,13.6,9.0,784,3,OK
2025-01-01 10:13:06,26.2,45.6,7.9,3.9,786,0,OK
2025-01-01 10:13:08,22.7,40.1,22.8,9.1,788,1,OK
2025-01-01 10:13:10,27.4,54.9,11.9,10.0,790,3,OK
2025-01-01 10:13:12,26.9,42.9,8.1,8.4,792,3,OK
2025-01-01 10:13:14,23.4,37.5,5.5,8.6,794,2,OK
2025-01-01 10:13:16,26.0,48.5,17.9,3.2,796,0,OK
2025-01-01 10:13:18,26.0,51.2,17.7,6.2,798,0,OK
2025-01-01 10:13:20,20.8,35.0,11.8,1.6,800,1,DEFECT
2025-01-01 10:13:22,27.2,35.0,6.4,1.9,802,2,DEFECT
2025-01-01 10:13:24,24.0,31.1,13.2,10.0,804,2,OK
2025-01-01 10:13:26,26.6,52.1,11.2,3.9,806,3,OK
2025-01-01 10:13:28,22.6,49.9,18.5,7.7,808,3,OK
2025-01-01 10:13:30,27.2,44.2,17.1,8.3,810,3,OK
2025-01-01 10:13:32,23.1,55.3,12.3,8.7,812,1,OK
2025-01-01 10:13:34,20.1,54.2,9.4,10.0,814,1,OK
2025-01-01 10:13:36,27.2,47.6,24.8,3.2,816,3,OK
2025-01-01 10:13:38,20.7,56.0,14.1,1.4,818,2,DEFECT
2025-01-01 10:13:40,22.6,36.2,18.8,4.7,820,1,OK
2025-01-01 10:13:42,27.6,33.4,7.8,2.2,822,2,DEFECT
2025-01-01 10:13:44,27.6,38.1,14.7,1.2,824,2,DEFECT
2025-01-01 10:13:46,24.6,31.7,5.6,4.2,826,0,OK
2025-01-01 10:13:48,25.1,45.9,15.1,8.1,828,3,OK
2025-01-01 10:13:50,23.6,58.1,24.3,6.1,830,0,OK
2025-01-01 10:13:52,22.3,31.2,12.7,3.8,832,3,OK
2025-01-01 10:13:54,22.6,33.7,5.8,6.9,834,3,OK
2025-01-01 10:13:56,25.4,43.6,5.6,3.1,836,2,OK
2025-01-01 10:13:58,26.0,58.0,12.8,1.1,838,3,DEFECT
2025-01-01 10:14:00,26.3,39.5,8.2,7.9,840,2,OK
2025-01-01 10:14:02,26.3,45.2,5.5,6.6,842,2,OK
2025-01-01 10:14:04,20.7,31.2,20.1,7.9,844,3,OK
2025-01-01 10:14:06,24.0,34.5,14.2,1.4,846,2,DEFECT
2025-01-01 10:14:08,20.5,59.6,10.8,8.5,848,2,OK
2025-01-01 10:14:10,24.4,59.0,23.0,6.6,850,2,OK
2025-01-01 10:14:12,23.5,30.1,7.3,6.1,852,1,OK
2025-01-01 10:14:14,27.1,58.6,24.1,6.6,854,2,OK
2025-01-01 10:14:16,22.8,49.2,11.3,8.8,856,1,OK
2025-01-01 10:14:18,20.9,56.0,22.8,6.3,858,1,OK
2025-01-01 10:14:20,21.1,43.6,17.1,6.2,860,2,OK
2025-01-01 10:14:22,26.1,45.5,21.5,9.9,862,2,OK
2025-01-01 10:14:24,24.9,44.7,24.7,7.8,864,1,OK
2025-01-01 10:14:26,20.8,50.0,10.8,5.0,866,1,OK
2025-01-01 10:14:28,20.7,34.2,24.2,7.4,868,2,OK
2025-01-01 10:14:30,25.6,30.9,12.8,4.5,870,2,OK
2025-01-01 10:14:32,20.6,39.2,12.7,3.1,872,3,OK
2025-01-01 10:14:34,26.6,51.1,11.8,6.4,874,1,OK
2025-01-01 10:14:36,25.6,36.1,15.8,9.4,876,1,OK
2025-01-01 10:14:38,20.7,50.2,8.1,9.4,878,3,OK
2025-01-01 10:14:40,20.7,59.1,16.1,4.1,880,1,OK
2025-01-01 10:14:42,27.9,32.8,15.8,5.7,882,0,OK
2025-01-01 10:14:44,23.0,50.2,20.2,2.9,884,1,DEFECT
2025-01-01 10:14:46,23.0,43.3,21.7,10.0,886,3,OK
2025-01-01 10:14:48,26.5,56.0,13.8,9.8,888,0,OK
2025-01-01 10:14:50,27.6,35.3,11.0,6.8,890,2,OK
2025-01-01 10:14:52,27.9,50.8,10.2,8.2,892,3,OK
2025-01-01 10:14:54,26.0,55.1,8.9,7.4,894,3,OK
2025-01-01 10:14:56,23.0,58.3,6.2,6.3,896,2,OK
2025-01-01 10:14:58,20.7,50.5,11.8,1.5,898,3,DEFECT
2025-01-01 10:15:00,26.2,44.9,10.4,5.1,900,1,OK
2025-01-01 10:15:02,24.5,48.5,24.3,7.1,902,2,OK
2025-01-01 10:15:04,23.4,56.1,16.2,7.1,904,3,OK
2025-01-01 10:15:06,27.3,47.1,11.9,4.4,906,2,OK
2025-01-01 10:15:08,20.9,30.9,16.6,9.5,908,2,OK
2025-01-01 10:15:10,23.9,57.9,7.8,2.5,910,2,DEFECT
2025-01-01 10:15:12,20.1,50.7,13.9,5.5,912,0,OK
2025-01-01 10:15:14,23.7,50.3,17.5,7.2,914,3,OK
2025-01-01 10:15:16,20.5,36.5,14.8,7.3,916,0,OK
2025-01-01 10:15:18,21.0,49.8,13.0,6.8,918,3,OK
2025-01-01 10:15:20,20.9,41.8,24.9,3.5,920,1,OK
2025-01-01 10:15:22,25.2,49.5,22.6,2.4,922,1,DEFECT
2025-01-01 10:15:24,26.0,33.2,17.5,6.7,924,1,OK
2025-01-01 10:15:26,24.7,49.7,16.4,6.4,926,3,OK
2025-01-01 10:15:28,27.7,60.0,17.4,2.6,928,2,DEFECT
2025-01-01 10:15:30,23.0,31.4,9.0,7.3,930,2,OK
2025-01-01 10:15:32,22.3,59.3,12.9,5.1,932,0,OK
2025-01-01 10:15:34,26.9,42.2,5.8,7.0,934,0,OK
2025-01-01 10:15:36,21.8,56.1,14.5,8.5,936,1,OK
2025-01-01 10:15:38,27.7,53.5,15.9,2.5,938,0,DEFECT
2025-01-01 10:15:40,20.1,47.0,9.6,1.2,940,3,DEFECT
2025-01-01 10:15:42,27.8,52.2,24.3,8.0,942,3,OK
2025-01-01 10:15:44,20.3,56.4,23.2,6.5,944,0,OK
2025-01-01 10:15:46,27.1,42.1,19.4,7.3,946,0,OK
2025-01-01 10:15:48,24.2,39.8,15.7,8.5,948,0,OK
2025-01-01 10:15:50,27.9,50.0,22.4,8.2,950,0,OK
2025-01-01 10:15:52,20.6,54.2,7.6,9.6,952,1,OK
2025-01-01 10:15:54,24.4,52.9,20.8,5.8,954,1,OK
2025-01-01 10:15:56,27.8,53.9,7.5,5.4,956,0,OK
2025-01-01 10:15:58,24.2,43.1,20.9,4.6,958,3,OK
2025-01-01 10:16:00,25.0,54.5,10.5,2.4,960,1,DEFECT
2025-01-01 10:16:02,25.6,33.6,22.5,6.2,962,3,OK
2025-01-01 10:16:04,23.6,46.3,23.9,3.5,964,2,OK
2025-01-01 10:16:06,25.0,30.2,8.0,9.3,966,3,OK
2025-01-01 10:16:08,24.7,39.7,14.3,6.2,968,0,OK
2025-01-01 10:16:10,27.2,41.0,24.6,6.3,970,2,OK
2025-01-01 10:16:12,20.4,41.9,14.7,4.2,972,1,OK
2025-01-01 10:16:14,22.2,50.9,22.3,1.5,974,1,DEFECT
2025-01-01 10:16:16,27.6,41.7,16.8,1.3,976,2,DEFECT
2025-01-01 10:16:18,27.1,43.5,12.5,4.8,978,3,OK
2025-01-01 10:16:20,23.6,37.1,10.7,1.8,980,1,DEFECT
2025-01-01 10:16:22,25.0,41.2,9.1,6.5,982,0,OK
2025-01-01 10:16:24,22.2,36.8,20.2,8.9,984,2,OK
2025-01-01 10:16:26,21.5,32.2,12.7,8.9,986,0,OK
2025-01-01 10:16:28,23.7,48.1,15.2,6.9,988,2,OK
2025-01-01 10:16:30,22.8,50.0,14.8,2.9,990,1,DEFECT
2025-01-01 10:16:32,24.7,48.6,16.5,8.8,992,3,OK
2025-01-01 10:16:34,20.6,43.9,22.3,9.0,994,2,OK
2025-01-01 10:16:36,27.8,41.4,24.6,2.8,996,2,DEFECT
2025-01-01 10:16:38,27.9,55.9,13.2,7.6,998,0,OK
2025-01-01 10:16:40,25.6,45.6,21.6,3.6,1000,1,OK
2025-01-01 10:16:42,24.3,44.4,20.3,8.2,1002,0,OK
2025-01-01 10:16:44,22.5,30.8,16.5,10.0,1004,1,OK
2025-01-01 10:16:46,26.5,40.2,24.1,1.3,1006,0,DEFECT
2025-01-01 10:16:48,25.5,41.4,9.0,9.1,1008,2,OK
2025-01-01 10:16:50,21.3,42.0,7.2,6.6,1010,0,OK
2025-01-01 10:16:52,27.3,47.4,22.1,9.8,1012,3,OK
2025-01-01 10:16:54,26.6,46.0,13.8,5.2,1014,1,OK
2025-01-01 10:16:56,27.6,48.2,21.9,8.6,1016,1,OK
2025-01-01 10:16:58,25.8,52.9,22.9,1.6,1018,2,DEFECT
2025-01-01 10:17:00,24.9,54.4,6.2,4.0,1020,1,OK
2025-01-01 10:17:02,23.3,51.5,22.7,1.6,1022,3,DEFECT
2025-01-01 10:17:04,27.5,58.7,14.0,9.8,1024,0,OK
2025-01-01 10:17:06,26.9,30.5,15.2,8.4,1026,2,OK
2025-01-01 10:17:08,20.4,35.9,17.5,8.7,1028,3,OK
2025-01-01 10:17:10,20.2,30.2,23.5,9.4,1030,1,OK
2025-01-01 10:17:12,23.0,49.4,5.4,1.8,1032,1,DEFECT
2025-01-01 10:17:14,26.5,56.9,14.5,4.5,1034,3,OK
2025-01-01 10:17:16,27.9,37.3,18.8,1.6,1036,0,DEFECT
2025-01-01 10:17:18,21.2,57.8,19.5,2.9,1038,0,DEFECT
2025-01-01 10:17:20,24.8,31.8,18.9,3.1,1040,2,OK
2025-01-01 10:17:22,23.0,58.0,7.7,5.2,1042,1,OK
2025-01-01 10:17:24,27.8,40.5,11.0,3.4,1044,3,OK
2025-01-01 10:17:26,26.7,33.0,12.2,1.9,1046,0,DEFECT
2025-01-01 10:17:28,26.7,44.6,21.1,2.5,1048,2,DEFECT
2025-01-01 10:17:30,23.7,37.7,10.6,2.3,1050,1,DEFECT
2025-01-01 10:17:32,23.3,38.5,9.2,9.8,1052,1,OK
2025-01-01 10:17:34,22.2,39.2,24.1,7.8,1054,2,OK
2025-01-01 10:17:36,20.5,54.1,5.2,9.7,1056,2,OK
2025-01-01 10:17:38,26.9,46.2,25.0,5.0,1058,0,OK
2025-01-01 10:17:40,26.5,39.3,18.5,3.5,1060,3,OK
2025-01-01 10:17:42,28.0,48.3,21.6,8.2,1062,1,OK
2025-01-01 10:17:44,28.0,51.5,10.9,3.9,1064,3,OK
2025-01-01 10:17:46,24.4,38.2,5.3,3.7,1066,1,OK
2025-01-01 10:17:48,26.2,42.4,19.8,3.1,1068,1,OK
2025-01-01 10:17:50,27.6,33.7,21.7,2.2,1070,3,DEFECT
2025-01-01 10:17:52,26.8,35.4,19.8,3.3,1072,2,OK
2025-01-01 10:17:54,22.0,50.4,7.9,4.2,1074,0,OK
2025-01-01 10:17:56,23.6,35.4,20.1,7.1,1076,1,OK
2025-01-01 10:17:58,21.0,45.8,20.4,1.6,1078,2,DEFECT
2025-01-01 10:18:00,27.6,51.3,18.2,2.9,1080,1,DEFECT
2025-01-01 10:18:02,24.8,33.2,20.3,8.3,1082,0,OK
2025-01-01 10:18:04,21.8,47.0,21.9,2.3,1084,1,DEFECT
2025-01-01 10:18:06,25.4,37.7,17.3,4.1,1086,0,OK
2025-01-01 10:18:08,24.9,58.9,6.8,8.8,1088,0,OK
2025-01-01 10:18:10,22.9,44.5,14.8,2.4,1090,1,DEFECT
2025-01-01 10:18:12,20.9,54.2,6.6,1.7,1092,1,DEFECT
2025-01-01 10:18:14,25.4,46.5,13.2,5.4,1094,0,OK
2025-01-01 10:18:16,24.2,31.3,13.1,3.7,1096,2,OK
2025-01-01 10:18:18,26.2,49.0,6.3,6.1,1098,3,OK
2025-01-01 10:18:20,24.2,58.5,12.0,8.2,1100,0,OK
2025-01-01 10:18:22,26.8,48.0,7.2,2.2,1102,1,DEFECT
2025-01-01 10:18:24,24.4,54.6,21.2,6.2,1104,1,OK
2025-01-01 10:18:26,24.5,56.5,24.0,5.5,1106,2,OK
2025-01-01 10:18:28,27.0,36.8,6.4,2.3,1108,3,DEFECT
2025-01-01 10:18:30,23.2,36.4,24.1,6.6,1110,0,OK
2025-01-01 10:18:32,21.1,48.3,15.5,3.5,1112,0,OK
2025-01-01 10:18:34,20.2,42.3,11.0,5.4,1114,3,OK
2025-01-01 10:18:36,26.0,55.2,6.5,1.7,1116,0,DEFECT
2025-01-01 10:18:38,25.0,57.0,15.0,5.1,1118,3,OK
2025-01-01 10:18:40,25.6,40.6,20.9,3.8,1120,1,OK
2025-01-01 10:18:42,21.7,37.1,19.1,8.4,1122,3,OK
2025-01-01 10:18:44,21.1,53.4,6.0,1.5,1124,0,DEFECT
2025-01-01 10:18:46,20.1,38.2,6.5,4.8,1126,3,OK
2025-01-01 10:18:48,22.8,54.7,13.1,5.1,1128,2,OK
2025-01-01 10:18:50,24.7,42.7,10.9,7.5,1130,1,OK
2025-01-01 10:18:52,23.1,50.0,9.6,6.2,1132,1,OK
2025-01-01 10:18:54,23.5,32.9,10.6,7.0,1134,3,OK
2025-01-01 10:18:56,27.2,48.7,21.1,8.0,1136,0,OK
2025-01-01 10:18:58,22.8,43.6,23.6,8.8,1138,2,OK
2025-01-01 10:19:00,24.1,47.6,13.1,3.8,1140,1,OK
2025-01-01 10:19:02,26.3,35.0,23.1,5.8,1142,1,OK
2025-01-01 10:19:04,23.2,52.1,11.4,8.6,1144,0,OK
2025-01-01 10:19:06,25.0,55.9,14.5,9.9,1146,0,OK
2025-01-01 10:19:08,26.9,36.5,9.5,9.0,1148,2,OK
2025-01-01 10:19:10,27.6,32.9,17.8,4.3,1150,3,OK
2025-01-01 10:19:12,21.2,30.7,24.6,2.8,1152,0,DEFECT
2025-01-01 10:19:14,27.4,49.3,17.1,5.4,1154,3,OK
2025-01-01 10:19:16,23.9,48.2,12.2,7.7,1156,2,OK
2025-01-01 10:19:18,22.1,46.4,18.0,5.4,1158,3,OK
2025-01-01 10:19:20,23.7,37.0,7.5,5.3,1160,1,OK
2025-01-01 10:19:22,27.8,41.7,22.8,8.5,1162,3,OK
2025-01-01 10:19:24,23.9,47.8,15.1,4.3,1164,2,OK
2025-01-01 10:19:26,22.6,44.9,14.0,8.7,1166,2,OK
2025-01-01 10:19:28,25.1,59.6,16.7,4.7,1168,2,OK
2025-01-01 10:19:30,21.9,34.1,17.5,4.0,1170,3,OK
2025-01-01 10:19:32,20.6,50.9,6.4,5.1,1172,1,OK
2025-01-01 10:19:34,21.0,42.1,18.7,7.9,1174,0,OK
2025-01-01 10:19:36,21.0,42.8,9.8,2.1,1176,1,DEFECT
2025-01-01 10:19:38,21.2,51.5,19.3,2.8,1178,3,DEFECT
2025-01-01 10:19:40,21.1,50.8,21.5,9.6,1180,3,OK
2025-01-01 10:19:42,25.1,59.7,21.1,2.6,1182,0,DEFECT
2025-01-01 10:19:44,21.5,33.9,16.1,6.1,1184,3,OK
2025-01-01 10:19:46,22.8,33.1,15.4,6.2,1186,2,OK
2025-01-01 10:19:48,27.2,51.7,7.9,5.4,1188,2,OK
2025-01-01 10:19:50,23.8,47.4,20.5,6.8,1190,2,OK
2025-01-01 10:19:52,25.3,38.2,10.4,3.1,1192,2,OK
2025-01-01 10:19:54,21.4,32.4,14.9,6.0,1194,2,OK
2025-01-01 10:19:56,21.5,32.6,10.7,4.3,1196,3,OK
2025-01-01 10:19:58,20.3,56.8,7.7,7.0,1198,0,OK
2025-01-01 10:20:00,21.4,35.8,17.6,2.3,1200,0,DEFECT
2025-01-01 10:20:02,22.2,39.7,6.1,6.1,1202,2,OK
2025-01-01 10:20:04,21.4,36.8,20.0,2.7,1204,3,DEFECT
2025-01-01 10:20:06,20.7,40.6,11.4,3.5,1206,1,OK
2025-01-01 10:20:08,21.0,32.1,5.0,3.0,1208,1,OK
2025-01-01 10:20:10,23.7,45.6,15.2,2.6,1210,3,DEFECT
2025-01-01 10:20:12,21.7,32.0,5.9,8.4,1212,2,OK
2025-01-01 10:20:14,22.9,54.0,10.5,3.6,1214,0,OK
2025-01-01 10:20:16,24.0,37.0,19.1,9.3,1216,3,OK
2025-01-01 10:20:18,25.5,46.2,6.3,9.7,1218,1,OK
2025-01-01 10:20:20,20.3,56.4,21.8,6.1,1220,1,OK
2025-01-01 10:20:22,26.4,49.5,5.1,2.3,1222,1,DEFECT
2025-01-01 10:20:24,25.0,46.0,9.9,4.4,1224,2,OK
2025-01-01 10:20:26,20.7,39.7,19.8,8.2,1226,1,OK
2025-01-01 10:20:28,27.0,40.0,11.3,4.3,1228,3,OK
2025-01-01 10:20:30,27.4,50.1,7.0,1.8,1230,3,DEFECT
2025-01-01 10:20:32,20.5,59.8,12.2,6.0,1232,1,OK
2025-01-01 10:20:34,22.2,49.9,10.4,8.6,1234,3,OK
2025-01-01 10:20:36,26.4,46.7,21.9,8.2,1236,1,OK
2025-01-01 10:20:38,26.0,51.9,11.3,2.6,1238,1,DEFECT
2025-01-01 10:20:40,21.5,44.0,20.8,7.1,1240,0,OK
2025-01-01 10:20:42,21.7,31.8,22.8,3.0,1242,2,OK
2025-01-01 10:20:44,23.0,46.9,13.7,3.0,1244,2,OK
2025-01-01 10:20:46,23.9,58.7,23.2,8.9,1246,0,OK
2025-01-01 10:20:48,24.9,35.3,12.5,3.2,1248,0,OK
2025-01-01 10:20:50,23.0,50.7,24.3,3.4,1250,2,OK
2025-01-01 10:20:52,23.7,36.0,6.8,1.0,1252,1,DEFECT
2025-01-01 10:20:54,26.0,46.1,18.7,8.8,1254,1,OK
2025-01-01 10:20:56,20.3,32.9,14.9,8.1,1256,2,OK
2025-01-01 10:20:58,22.0,43.5,12.8,6.6,1258,1,OK
2025-01-01 10:21:00,25.7,52.7,17.7,7.8,1260,0,OK
2025-01-01 10:21:02,27.2,40.4,19.1,2.4,1262,1,DEFECT
2025-01-01 10:21:04,24.1,49.9,5.1,5.1,1264,1,OK
2025-01-01 10:21:06,24.3,53.9,8.3,4.2,1266,3,OK
2025-01-01 10:21:08,20.9,57.8,19.3,1.8,1268,3,DEFECT
2025-01-01 10:21:10,23.6,37.0,18.3,5.4,1270,3,OK
2025-01-01 10:21:12,24.3,42.0,24.3,9.3,1272,1,OK
2025-01-01 10:21:14,21.9,34.6,20.2,1.4,1274,2,DEFECT
2025-01-01 10:21:16,22.2,59.8,24.0,3.6,1276,0,OK
2025-01-01 10:21:18,23.0,57.8,19.1,2.9,1278,1,DEFECT
2025-01-01 10:21:20,20.2,46.2,11.0,3.1,1280,2,OK
2025-01-01 10:21:22,22.6,55.3,7.1,9.2,1282,1,OK
2025-01-01 10:21:24,21.7,45.6,20.6,5.2,1284,0,OK
2025-01-01 10:21:26,22.6,48.7,17.9,5.2,1286,1,OK
2025-01-01 10:21:28,21.0,32.7,6.0,7.8,1288,0,OK
2025-01-01 10:21:30,27.1,52.7,12.2,2.4,1290,1,DEFECT
2025-01-01 10:21:32,24.7,33.8,24.1,5.4,1292,0,OK
2025-01-01 10:21:34,25.4,54.8,15.0,4.9,1294,1,OK
2025-01-01 10:21:36,26.3,53.5,13.7,6.4,1296,0,OK
2025-01-01 10:21:38,24.0,51.3,14.2,10.0,1298,3,OK
2025-01-01 10:21:40,20.7,31.1,9.2,7.9,1300,1,OK
2025-01-01 10:21:42,24.3,39.1,12.4,4.6,1302,1,OK
2025-01-01 10:21:44,24.7,37.9,12.4,8.4,1304,2,OK
2025-01-01 10:21:46,26.0,40.8,6.0,2.5,1306,2,DEFECT
2025-01-01 10:21:48,23.5,32.6,20.4,1.3,1308,0,DEFECT
2025-01-01 10:21:50,21.0,58.1,13.3,2.8,1310,1,DEFECT
2025-01-01 10:21:52,22.3,46.6,21.4,4.1,1312,0,OK
2025-01-01 10:21:54,22.9,39.2,22.0,5.6,1314,3,OK
2025-01-01 10:21:56,25.2,41.9,9.2,6.5,1316,2,OK
2025-01-01 10:21:58,24.6,43.4,18.1,9.2,1318,0,OK
2025-01-01 10:22:00,22.8,48.0,14.4,5.6,1320,0,OK
2025-01-01 10:22:02,27.9,45.5,22.6,5.5,1322,2,OK
2025-01-01 10:22:04,24.8,57.6,9.3,1.5,1324,1,DEFECT
2025-01-01 10:22:06,21.9,44.9,18.6,1.3,1326,0,DEFECT
2025-01-01 10:22:08,20.8,59.8,17.2,6.0,1328,2,OK
2025-01-01 10:22:10,21.2,55.5,10.9,4.9,1330,1,OK
2025-01-01 10:22:12,22.0,36.3,7.7,8.6,1332,3,OK
2025-01-01 10:22:14,21.3,57.9,18.0,2.4,1334,2,DEFECT
2025-01-01 10:22:16,21.5,33.5,19.8,1.2,1336,0,DEFECT
2025-01-01 10:22:18,22.3,54.5,11.3,5.0,1338,3,OK
2025-01-01 10:22:20,21.4,41.4,17.9,3.1,1340,1,OK
2025-01-01 10:22:22,27.2,56.3,12.9,1.4,1342,1,DEFECT
2025-01-01 10:22:24,20.6,56.0,19.3,7.5,1344,2,OK
2025-01-01 10:22:26,24.2,54.2,9.0,2.0,1346,2,DEFECT
2025-01-01 10:22:28,23.3,53.7,22.8,6.5,1348,2,OK
2025-01-01 10:22:30,27.9,39.1,10.7,3.5,1350,1,OK
2025-01-01 10:22:32,20.9,32.4,12.4,2.6,1352,3,DEFECT
2025-01-01 10:22:34,23.2,42.1,6.2,4.4,1354,1,OK
2025-01-01 10:22:36,27.8,35.2,7.2,8.2,1356,0,OK
2025-01-01 10:22:38,26.9,50.8,15.3,4.5,1358,1,OK
2025-01-01 10:22:40,26.5,40.4,10.4,7.8,1360,0,OK
2025-01-01 10:22:42,22.1,59.3,21.7,2.1,1362,3,DEFECT
2025-01-01 10:22:44,21.4,49.2,5.3,8.0,1364,2,OK
2025-01-01 10:22:46,25.3,54.7,12.6,3.1,1366,2,OK
2025-01-01 10:22:48,27.4,34.0,11.7,7.1,1368,1,OK
2025-01-01 10:22:50,24.5,55.9,5.4,6.1,1370,2,OK
2025-01-01 10:22:52,24.6,57.7,7.5,9.4,1372,3,OK
2025-01-01 10:22:54,22.2,44.6,13.3,4.5,1374,2,OK
2025-01-01 10:22:56,26.2,48.2,14.9,1.6,1376,1,DEFECT
2025-01-01 10:22:58,21.5,52.9,13.1,1.2,1378,3,DEFECT
2025-01-01 10:23:00,22.6,35.2,15.6,8.4,1380,0,OK
2025-01-01 10:23:02,23.4,45.1,16.9,5.7,1382,1,OK
2025-01-01 10:23:04,24.1,42.0,5.2,8.0,1384,0,OK
2025-01-01 10:23:06,21.9,34.4,14.3,3.1,1386,3,OK
2025-01-01 10:23:08,20.9,41.0,24.3,4.1,1388,1,OK
2025-01-01 10:23:10,24.9,32.0,15.4,1.3,1390,1,DEFECT
2025-01-01 10:23:12,22.3,30.8,18.6,9.7,1392,3,OK
2025-01-01 10:23:14,24.6,34.1,11.2,7.0,1394,2,OK
2025-01-01 10:23:16,21.2,58.9,20.5,9.4,1396,1,OK
2025-01-01 10:23:18,23.8,46.5,20.5,3.4,1398,1,OK
2025-01-01 10:23:20,24.3,59.0,15.4,6.5,1400,0,OK
2025-01-01 10:23:22,20.4,43.0,24.5,7.1,1402,2,OK
2025-01-01 10:23:24,22.7,39.4,7.5,3.9,1404,0,OK
2025-01-01 10:23:26,21.1,45.2,5.3,8.6,1406,0,OK
2025-01-01 10:23:28,20.5,43.2,20.4,9.5,1408,2,OK
2025-01-01 10:23:30,27.9,33.2,21.1,9.0,1410,2,OK
2025-01-01 10:23:32,22.6,49.2,7.4,7.7,1412,3,OK
2025-01-01 10:23:34,26.5,36.5,10.3,3.5,1414,2,OK
2025-01-01 10:23:36,22.0,48.6,5.4,3.5,1416,1,OK
2025-01-01 10:23:38,25.5,49.5,10.9,9.7,1418,2,OK
2025-01-01 10:23:40,26.1,34.6,20.5,1.1,1420,3,DEFECT
2025-01-01 10:23:42,24.8,31.8,15.4,7.4,1422,3,OK
2025-01-01 10:23:44,23.8,53.4,12.0,7.4,1424,3,OK
2025-01-01 10:23:46,23.3,43.8,12.4,6.6,1426,2,OK
2025-01-01 10:23:48,22.8,31.7,5.0,9.9,1428,2,OK
2025-01-01 10:23:50,27.4,59.8,11.0,3.8,1430,0,OK
2025-01-01 10:23:52,26.6,31.7,17.9,4.1,1432,0,OK
2025-01-01 10:23:54,27.7,50.9,24.5,1.7,1434,1,DEFECT
2025-01-01 10:23:56,21.0,59.5,21.9,5.0,1436,0,OK
2025-01-01 10:23:58,25.8,37.2,5.5,3.3,1438,1,OK
2025-01-01 10:24:00,27.5,34.3,23.0,4.1,1440,3,OK
2025-01-01 10:24:02,21.4,33.6,20.7,8.5,1442,0,OK
2025-01-01 10:24:04,20.5,39.1,20.6,9.4,1444,2,OK
2025-01-01 10:24:06,25.9,33.0,14.2,2.7,1446,0,DEFECT
2025-01-01 10:24:08,24.6,50.8,13.0,4.4,1448,1,OK
2025-01-01 10:24:10,26.7,31.9,11.1,9.4,1450,0,OK
2025-01-01 10:24:12,21.1,45.3,6.3,1.6,1452,3,DEFECT
2025-01-01 10:24:14,26.4,59.9,9.6,1.8,1454,2,DEFECT
2025-01-01 10:24:16,21.6,54.4,9.9,2.5,1456,1,DEFECT
2025-01-01 10:24:18,21.3,48.5,14.7,6.4,1458,2,OK
2025-01-01 10:24:20,21.3,39.2,19.9,2.4,1460,2,DEFECT
2025-01-01 10:24:22,26.5,48.7,14.5,9.7,1462,1,OK
2025-01-01 10:24:24,25.3,45.8,6.2,5.0,1464,2,OK
2025-01-01 10:24:26,24.2,42.8,24.2,5.5,1466,2,OK
2025-01-01 10:24:28,22.9,33.9,23.9,3.2,1468,0,OK
2025-01-01 10:24:30,27.0,56.6,20.7,5.2,1470,2,OK
2025-01-01 10:24:32,23.1,43.5,24.8,7.0,1472,2,OK
2025-01-01 10:24:34,26.5,35.8,15.9,7.8,1474,2,OK
2025-01-01 10:24:36,23.5,41.0,24.3,7.8,1476,2,OK
2025-01-01 10:24:38,23.0,42.4,6.5,6.2,1478,1,OK
2025-01-01 10:24:40,23.7,54.8,12.3,9.1,1480,3,OK
2025-01-01 10:24:42,22.4,52.0,9.5,8.4,1482,0,OK
2025-01-01 10:24:44,26.0,53.1,8.9,7.8,1484,2,OK
2025-01-01 10:24:46,24.0,30.3,7.8,1.5,1486,2,DEFECT
2025-01-01 10:24:48,21.9,42.5,17.4,1.1,1488,1,DEFECT
2025-01-01 10:24:50,27.2,44.4,20.6,2.9,1490,3,DEFECT
2025-01-01 10:24:52,23.1,30.6,16.6,7.0,1492,2,OK
2025-01-01 10:24:54,24.3,37.8,7.9,4.7,1494,1,OK
2025-01-01 10:24:56,27.3,52.8,21.2,4.6,1496,0,OK
2025-01-01 10:24:58,25.0,34.1,17.7,9.0,1498,0,OK
2025-01-01 10:25:00,20.9,46.1,12.8,9.1,1500,2,OK
2025-01-01 10:25:02,27.5,36.5,18.5,9.2,1502,2,OK
2025-01-01 10:25:04,25.0,30.4,10.2,3.8,1504,3,OK
2025-01-01 10:25:06,22.7,37.2,11.9,7.2,1506,3,OK
2025-01-01 10:25:08,21.1,59.3,23.3,3.4,1508,2,OK
2025-01-01 10:25:10,26.4,54.0,10.8,2.7,1510,1,DEFECT
2025-01-01 10:25:12,25.0,58.8,14.4,2.7,1512,3,DEFECT
2025-01-01 10:25:14,24.3,44.6,22.8,4.1,1514,2,OK
2025-01-01 10:25:16,27.2,33.3,19.2,4.9,1516,3,OK
2025-01-01 10:25:18,26.3,46.4,6.2,8.5,1518,2,OK
2025-01-01 10:25:20,21.2,43.6,7.9,2.1,1520,0,DEFECT
2025-01-01 10:25:22,22.5,55.3,5.2,7.6,1522,2,OK
2025-01-01 10:25:24,22.0,32.9,17.6,5.8,1524,0,OK
2025-01-01 10:25:26,26.0,44.6,14.0,3.6,1526,3,OK
2025-01-01 10:25:28,20.3,34.5,7.7,5.4,1528,2,OK
2025-01-01 10:25:30,24.6,39.7,24.2,3.7,1530,3,OK
2025-01-01 10:25:32,26.1,52.1,15.6,6.4,1532,0,OK
2025-01-01 10:25:34,27.0,44.3,9.8,4.9,1534,2,OK
2025-01-01 10:25:36,22.7,41.3,15.0,2.5,1536,3,DEFECT
2025-01-01 10:25:38,26.6,41.8,18.6,2.0,1538,0,DEFECT
2025-01-01 10:25:40,20.9,43.8,6.5,5.9,1540,3,OK
2025-01-01 10:25:42,26.8,53.6,10.5,9.1,1542,1,OK
2025-01-01 10:25:44,21.0,56.8,21.1,4.1,1544,0,OK
2025-01-01 10:25:46,23.2,58.7,14.2,7.6,1546,0,OK
2025-01-01 10:25:48,26.4,53.6,15.9,6.9,1548,0,OK
2025-01-01 10:25:50,21.2,39.5,13.7,9.4,1550,2,OK
2025-01-01 10:25:52,21.8,50.6,5.9,8.4,1552,2,OK
2025-01-01 10:25:54,25.8,43.1,8.3,6.1,1554,2,OK
2025-01-01 10:25:56,25.8,37.6,13.9,6.9,1556,1,OK
2025-01-01 10:25:58,25.1,55.2,9.2,9.1,1558,1,OK
2025-01-01 10:26:00,25.6,31.2,6.0,4.6,1560,0,OK
2025-01-01 10:26:02,24.3,57.1,21.9,3.9,1562,1,OK
2025-01-01 10:26:04,22.0,43.8,24.6,1.1,1564,3,DEFECT
2025-01-01 10:26:06,22.8,49.1,20.9,8.4,1566,0,OK
2025-01-01 10:26:08,21.5,49.8,22.1,8.2,1568,0,OK
2025-01-01 10:26:10,27.3,56.9,9.8,1.9,1570,3,DEFECT
2025-01-01 10:26:12,24.7,49.1,24.2,6.2,1572,0,OK
2025-01-01 10:26:14,23.2,48.4,8.9,5.2,1574,1,OK
2025-01-01 10:26:16,23.7,32.0,24.0,2.1,1576,2,DEFECT
2025-01-01 10:26:18,27.6,45.6,24.9,9.8,1578,3,OK
2025-01-01 10:26:20,21.2,34.5,19.2,2.9,1580,1,DEFECT
2025-01-01 10:26:22,24.7,52.1,24.6,1.6,1582,3,DEFECT
2025-01-01 10:26:24,24.0,45.4,16.4,6.4,1584,3,OK
2025-01-01 10:26:26,24.9,50.4,10.2,7.6,1586,0,OK
2025-01-01 10:26:28,20.1,31.3,13.7,1.3,1588,0,DEFECT
2025-01-01 10:26:30,27.0,32.5,16.9,6.9,1590,1,OK
2025-01-01 10:26:32,27.5,51.5,6.5,5.8,1592,3,OK
2025-01-01 10:26:34,24.5,32.2,17.4,1.9,1594,0,DEFECT
2025-01-01 10:26:36,25.6,32.1,24.6,2.6,1596,0,DEFECT
2025-01-01 10:26:38,27.4,30.4,8.8,6.1,1598,3,OK
2025-01-01 10:26:40,25.7,58.7,20.9,3.7,1600,1,OK
2025-01-01 10:26:42,21.2,52.1,23.2,9.4,1602,1,OK
2025-01-01 10:26:44,24.6,40.6,23.9,8.4,1604,3,OK
2025-01-01 10:26:46,24.9,38.9,24.2,9.9,1606,1,OK
2025-01-01 10:26:48,23.4,40.5,15.4,3.3,1608,0,OK
2025-01-01 10:26:50,25.9,53.2,24.5,9.7,1610,3,OK
2025-01-01 10:26:52,27.5,49.8,20.1,4.9,1612,0,OK
2025-01-01 10:26:54,27.4,35.6,8.2,4.1,1614,2,OK
2025-01-01 10:26:56,23.6,35.2,14.5,1.5,1616,2,DEFECT
2025-01-01 10:26:58,20.9,33.0,19.4,1.5,1618,1,DEFECT
2025-01-01 10:27:00,27.9,49.8,9.9,7.2,1620,2,OK
2025-01-01 10:27:02,26.7,52.9,17.8,5.1,1622,0,OK
2025-01-01 10:27:04,21.0,38.0,18.3,3.0,1624,2,OK
2025-01-01 10:27:06,27.4,30.6,8.3,6.5,1626,0,OK
2025-01-01 10:27:08,27.0,32.5,16.3,3.3,1628,1,OK
2025-01-01 10:27:10,24.2,59.0,20.4,6.2,1630,1,OK
2025-01-01 10:27:12,24.7,38.9,15.0,4.2,1632,0,OK
2025-01-01 10:27:14,23.2,53.1,5.2,8.4,1634,2,OK
2025-01-01 10:27:16,20.4,48.7,5.2,8.4,1636,1,OK
2025-01-01 10:27:18,22.7,41.5,12.1,5.3,1638,3,OK
2025-01-01 10:27:20,26.4,36.2,23.5,4.2,1640,1,OK
2025-01-01 10:27:22,20.0,33.6,9.6,4.3,1642,2,OK
2025-01-01 10:27:24,22.7,48.5,17.7,8.3,1644,3,OK
2025-01-01 10:27:26,23.2,53.2,9.4,4.0,1646,2,OK
2025-01-01 10:27:28,24.3,49.3,11.4,2.9,1648,0,DEFECT
2025-01-01 10:27:30,27.4,45.9,22.0,1.8,1650,3,DEFECT
2025-01-01 10:27:32,22.8,31.3,19.6,5.2,1652,2,OK
2025-01-01 10:27:34,22.8,59.1,6.9,5.3,1654,3,OK
2025-01-01 10:27:36,25.9,54.0,13.6,8.6,1656,2,OK
2025-01-01 10:27:38,23.6,38.8,5.6,3.0,1658,3,OK
2025-01-01 10:27:40,21.8,59.4,14.6,4.4,1660,2,OK
2025-01-01 10:27:42,23.6,48.1,18.2,8.3,1662,0,OK
2025-01-01 10:27:44,21.1,47.5,7.4,8.4,1664,3,OK
2025-01-01 10:27:46,21.4,52.4,10.8,4.5,1666,3,OK
2025-01-01 10:27:48,24.0,54.4,13.0,5.1,1668,3,OK
2025-01-01 10:27:50,23.4,49.7,23.4,3.7,1670,3,OK
2025-01-01 10:27:52,27.3,33.8,24.9,9.4,1672,0,OK
2025-01-01 10:27:54,22.9,40.1,5.9,2.1,1674,3,DEFECT
2025-01-01 10:27:56,24.6,57.8,20.2,9.4,1676,1,OK
2025-01-01 10:27:58,25.1,36.7,12.4,7.2,1678,0,OK
2025-01-01 10:28:00,20.1,41.2,12.8,5.8,1680,1,OK
2025-01-01 10:28:02,25.3,43.0,20.1,1.3,1682,3,DEFECT
2025-01-01 10:28:04,21.4,43.2,23.4,5.3,1684,2,OK
2025-01-01 10:28:06,27.7,48.4,24.0,4.7,1686,1,OK
2025-01-01 10:28:08,21.2,58.3,16.5,2.5,1688,3,DEFECT
2025-01-01 10:28:10,23.3,37.2,12.1,6.9,1690,1,OK
2025-01-01 10:28:12,20.7,33.6,20.8,9.7,1692,3,OK
2025-01-01 10:28:14,28.0,35.9,10.0,6.1,1694,3,OK
2025-01-01 10:28:16,24.0,56.6,16.3,7.4,1696,3,OK
2025-01-01 10:28:18,24.8,49.4,12.2,1.6,1698,2,DEFECT
2025-01-01 10:28:20,20.5,38.6,18.1,4.8,1700,1,OK
2025-01-01 10:28:22,26.0,54.5,9.8,2.0,1702,0,DEFECT
2025-01-01 10:28:24,21.7,55.8,8.8,6.5,1704,0,OK
2025-01-01 10:28:26,27.2,55.4,23.4,9.4,1706,0,OK
2025-01-01 10:28:28,21.6,57.6,7.0,7.0,1708,0,OK
2025-01-01 10:28:30,21.5,37.6,15.1,1.7,1710,3,DEFECT
2025-01-01 10:28:32,20.3,52.7,9.4,4.2,1712,1,OK
2025-01-01 10:28:34,23.8,43.8,5.8,6.0,1714,1,OK
2025-01-01 10:28:36,24.5,55.3,5.7,4.6,1716,2,OK
2025-01-01 10:28:38,20.5,51.9,8.5,8.5,1718,1,OK
2025-01-01 10:28:40,26.2,53.3,22.3,8.3,1720,1,OK
2025-01-01 10:28:42,23.6,49.7,10.6,6.5,1722,1,OK
2025-01-01 10:28:44,24.2,35.3,24.0,4.4,1724,2,OK
2025-01-01 10:28:46,23.5,46.4,16.6,3.3,1726,0,OK
2025-01-01 10:28:48,23.2,59.5,13.7,2.0,1728,1,DEFECT
2025-01-01 10:28:50,24.5,58.1,16.6,4.2,1730,2,OK
2025-01-01 10:28:52,21.2,31.3,15.3,4.7,1732,2,OK
2025-01-01 10:28:54,21.5,34.9,20.2,7.1,1734,3,OK
2025-01-01 10:28:56,26.9,34.0,10.6,6.9,1736,2,OK
2025-01-01 10:28:58,27.6,51.8,12.1,1.6,1738,0,DEFECT
2025-01-01 10:29:00,23.0,54.5,22.9,4.6,1740,1,OK
2025-01-01 10:29:02,22.2,36.4,23.9,2.6,1742,2,DEFECT
2025-01-01 10:29:04,25.2,45.2,22.9,2.4,1744,0,DEFECT
2025-01-01 10:29:06,23.3,55.2,13.4,8.4,1746,2,OK
2025-01-01 10:29:08,20.2,52.0,20.6,1.4,1748,2,DEFECT
2025-01-01 10:29:10,21.2,46.3,14.5,4.8,1750,2,OK
2025-01-01 10:29:12,25.7,47.7,15.0,2.5,1752,2,DEFECT
2025-01-01 10:29:14,25.3,45.3,9.1,8.9,1754,2,OK
2025-01-01 10:29:16,20.2,38.9,16.8,6.0,1756,0,OK
2025-01-01 10:29:18,21.8,47.0,8.7,3.1,1758,1,OK
2025-01-01 10:29:20,21.8,50.7,11.6,5.5,1760,1,OK
2025-01-01 10:29:22,25.4,56.2,22.1,7.6,1762,1,OK
2025-01-01 10:29:24,20.2,49.1,9.1,9.6,1764,1,OK
2025-01-01 10:29:26,20.8,52.8,6.4,3.0,1766,0,OK
2025-01-01 10:29:28,26.4,34.8,6.4,9.0,1768,3,OK
2025-01-01 10:29:30,21.4,43.8,23.8,9.4,1770,3,OK
2025-01-01 10:29:32,25.2,30.3,15.1,9.2,1772,0,OK
2025-01-01 10:29:34,21.9,37.4,13.2,6.7,1774,0,OK
2025-01-01 10:29:36,20.8,51.8,21.2,6.7,1776,2,OK
2025-01-01 10:29:38,21.9,59.8,21.7,4.6,1778,2,OK
2025-01-01 10:29:40,25.8,33.0,11.6,7.8,1780,2,OK
2025-01-01 10:29:42,26.8,42.0,18.9,5.8,1782,1,OK
2025-01-01 10:29:44,26.6,54.0,20.4,7.1,1784,2,OK
2025-01-01 10:29:46,23.2,36.1,18.1,4.9,1786,3,OK
2025-01-01 10:29:48,25.3,46.7,8.0,7.6,1788,1,OK
2025-01-01 10:29:50,21.6,52.0,22.5,8.4,1790,2,OK
2025-01-01 10:29:52,22.3,48.5,15.8,2.3,1792,1,DEFECT
2025-01-01 10:29:54,27.2,35.6,10.6,8.5,1794,3,OK
2025-01-01 10:29:56,20.1,40.7,13.5,5.9,1796,2,OK
2025-01-01 10:29:58,20.7,53.5,5.8,8.6,1798,3,OK
2025-01-01 10:30:00,21.7,46.6,7.6,4.9,1800,3,OK
2025-01-01 10:30:02,20.2,30.2,20.3,4.4,1802,3,OK
2025-01-01 10:30:04,21.5,52.8,5.0,9.2,1804,2,OK
2025-01-01 10:30:06,24.7,31.1,13.3,3.3,1806,0,OK
2025-01-01 10:30:08,23.4,52.4,15.5,8.6,1808,2,OK
2025-01-01 10:30:10,27.1,36.1,6.1,5.4,1810,3,OK
2025-01-01 10:30:12,26.5,58.7,24.5,5.6,1812,2,OK
2025-01-01 10:30:14,22.7,41.0,9.5,3.8,1814,3,OK
2025-01-01 10:30:16,22.1,39.8,11.1,6.2,1816,0,OK
2025-01-01 10:30:18,23.0,34.5,11.1,3.9,1818,1,OK
2025-01-01 10:30:20,24.7,39.2,9.6,1.4,1820,0,DEFECT
2025-01-01 10:30:22,22.1,56.3,5.0,3.4,1822,0,OK
2025-01-01 10:30:24,25.0,59.9,19.6,1.1,1824,1,DEFECT
2025-01-01 10:30:26,23.3,41.0,24.3,9.8,1826,2,OK
2025-01-01 10:30:28,24.4,43.5,9.5,9.7,1828,1,OK
2025-01-01 10:30:30,23.5,51.7,18.3,4.6,1830,2,OK
2025-01-01 10:30:32,22.4,56.6,19.8,7.6,1832,2,OK
2025-01-01 10:30:34,27.6,47.8,22.0,4.1,1834,3,OK
2025-01-01 10:30:36,26.1,41.7,13.5,7.0,1836,3,OK
2025-01-01 10:30:38,21.1,42.4,11.1,8.2,1838,1,OK
2025-01-01 10:30:40,26.9,50.9,11.5,9.5,1840,0,OK
2025-01-01 10:30:42,23.9,30.1,19.3,4.6,1842,1,OK
2025-01-01 10:30:44,27.2,48.6,21.3,8.0,1844,2,OK
2025-01-01 10:30:46,26.4,40.7,8.6,3.4,1846,3,OK
2025-01-01 10:30:48,23.4,53.8,12.4,9.9,1848,1,OK
2025-01-01 10:30:50,20.2,32.8,23.0,1.2,1850,1,DEFECT
2025-01-01 10:30:52,22.1,47.6,21.1,6.4,1852,3,OK
2025-01-01 10:30:54,24.3,44.4,24.7,6.9,1854,3,OK
2025-01-01 10:30:56,25.1,49.3,20.1,7.2,1856,3,OK
2025-01-01 10:30:58,22.1,31.9,12.9,2.1,1858,2,DEFECT
2025-01-01 10:31:00,21.1,47.4,16.8,9.4,1860,3,OK
2025-01-01 10:31:02,26.7,46.8,18.2,2.6,1862,0,DEFECT
2025-01-01 10:31:04,27.9,46.8,6.6,6.6,1864,1,OK
2025-01-01 10:31:06,24.2,48.1,15.9,3.0,1866,3,OK
2025-01-01 10:31:08,21.4,50.3,19.2,3.8,1868,3,OK
2025-01-01 10:31:10,22.2,54.1,8.3,5.9,1870,2,OK
2025-01-01 10:31:12,20.1,38.1,20.6,4.8,1872,2,OK
2025-01-01 10:31:14,27.3,54.8,16.7,2.4,1874,1,DEFECT
2025-01-01 10:31:16,20.9,44.9,24.0,2.5,1876,0,DEFECT
2025-01-01 10:31:18,24.6,32.3,5.8,4.8,1878,1,OK
2025-01-01 10:31:20,22.2,31.8,10.3,7.8,1880,3,OK
2025-01-01 10:31:22,24.4,40.0,17.0,9.1,1882,0,OK
2025-01-01 10:31:24,25.2,53.5,10.9,1.8,1884,0,DEFECT
2025-01-01 10:31:26,26.6,51.2,19.3,4.5,1886,0,OK
2025-01-01 10:31:28,21.7,53.7,20.2,1.9,1888,0,DEFECT
2025-01-01 10:31:30,20.1,45.5,7.1,1.1,1890,1,DEFECT
2025-01-01 10:31:32,21.1,43.2,15.3,7.0,1892,2,OK
2025-01-01 10:31:34,27.2,34.4,15.2,6.4,1894,2,OK
2025-01-01 10:31:36,27.0,39.8,12.4,2.5,1896,3,DEFECT
2025-01-01 10:31:38,24.8,43.0,23.7,3.1,1898,2,OK
2025-01-01 10:31:40,24.8,32.7,21.6,1.2,1900,2,DEFECT
2025-01-01 10:31:42,25.3,36.6,18.9,8.5,1902,2,OK
2025-01-01 10:31:44,21.4,47.9,19.3,9.8,1904,2,OK
2025-01-01 10:31:46,27.3,52.1,14.2,2.2,1906,3,DEFECT
2025-01-01 10:31:48,23.4,60.0,23.4,3.1,1908,1,OK
2025-01-01 10:31:50,23.1,58.0,18.9,8.8,1910,0,OK
2025-01-01 10:31:52,24.2,49.3,19.6,9.3,1912,2,OK
2025-01-01 10:31:54,20.4,42.6,22.2,4.8,1914,1,OK
2025-01-01 10:31:56,21.3,49.1,10.5,1.5,1916,2,DEFECT
2025-01-01 10:31:58,25.9,53.6,21.1,1.4,1918,2,DEFECT
2025-01-01 10:32:00,20.7,33.6,8.9,6.2,1920,0,OK
2025-01-01 10:32:02,24.8,42.3,11.9,4.5,1922,0,OK
2025-01-01 10:32:04,22.0,55.2,11.7,1.3,1924,0,DEFECT
2025-01-01 10:32:06,23.1,41.5,24.6,6.2,1926,2,OK
2025-01-01 10:32:08,22.3,47.2,22.1,1.1,1928,2,DEFECT
2025-01-01 10:32:10,22.8,47.6,19.0,8.1,1930,2,OK
2025-01-01 10:32:12,25.8,35.5,19.5,3.8,1932,0,OK
2025-01-01 10:32:14,22.4,40.9,16.2,1.4,1934,3,DEFECT
2025-01-01 10:32:16,24.5,40.0,23.9,6.3,1936,1,OK
2025-01-01 10:32:18,23.8,30.8,14.9,4.6,1938,3,OK
2025-01-01 10:32:20,25.3,30.7,12.6,9.8,1940,2,OK
2025-01-01 10:32:22,27.5,55.0,8.3,5.9,1942,2,OK
2025-01-01 10:32:24,25.9,38.2,20.7,3.5,1944,3,OK
2025-01-01 10:32:26,21.7,45.5,19.7,7.4,1946,2,OK
2025-01-01 10:32:28,20.2,39.0,12.7,3.4,1948,1,OK
2025-01-01 10:32:30,22.1,58.2,5.5,9.1,1950,2,OK
2025-01-01 10:32:32,24.8,37.8,21.8,4.4,1952,1,OK
2025-01-01 10:32:34,20.4,42.9,5.2,5.9,1954,3,OK
2025-01-01 10:32:36,24.0,56.2,19.1,1.5,1956,3,DEFECT
2025-01-01 10:32:38,24.8,55.3,24.4,4.8,1958,2,OK
2025-01-01 10:32:40,22.7,35.6,13.8,8.5,1960,1,OK
2025-01-01 10:32:42,26.2,54.1,9.7,8.3,1962,2,OK
2025-01-01 10:32:44,20.9,43.7,19.1,3.0,1964,0,OK
2025-01-01 10:32:46,20.6,44.5,21.3,3.0,1966,0,OK
2025-01-01 10:32:48,25.8,34.0,15.9,8.4,1968,0,OK
2025-01-01 10:32:50,24.0,32.4,24.3,9.4,1970,0,OK
2025-01-01 10:32:52,25.5,51.8,6.0,1.9,1972,2,DEFECT
2025-01-01 10:32:54,23.5,44.9,15.1,5.1,1974,0,OK
2025-01-01 10:32:56,22.0,43.1,19.4,4.0,1976,1,OK
2025-01-01 10:32:58,26.6,51.9,22.3,8.8,1978,3,OK
2025-01-01 10:33:00,26.4,53.0,8.6,1.8,1980,3,DEFECT
2025-01-01 10:33:02,25.6,34.8,21.0,2.9,1982,0,DEFECT
2025-01-01 10:33:04,22.2,48.3,16.1,7.8,1984,0,OK
2025-01-01 10:33:06,24.7,34.1,12.9,1.5,1986,0,DEFECT
2025-01-01 10:33:08,22.9,52.5,7.6,5.4,1988,2,OK
2025-01-01 10:33:10,20.7,49.7,22.3,5.0,1990,3,OK
2025-01-01 10:33:12,27.3,58.7,8.1,4.0,1992,0,OK
2025-01-01 10:33:14,21.1,32.1,11.2,4.6,1994,1,OK
2025-01-01 10:33:16,27.6,31.7,10.8,5.8,1996,0,OK
2025-01-01 10:33:18,23.6,38.5,22.4,2.5,1998,3,DEFECT
